{"acc": 9.760231635720569, "loss": 0.19830558186563327, "_timestamp": 1704295179.628999, "_runtime": 1.8514320850372314, "_step": 7, "_wandb": {"runtime": 0}}