{"acc": 9.831745146403975, "loss": 0.08243165442445172, "_timestamp": 1704272945.22692, "_runtime": 0.9798109531402588, "_step": 7, "_wandb": {"runtime": 0}}