{"acc": 4.857752602110993, "loss": 0.054405317797388025, "_timestamp": 1704272762.355813, "_runtime": 10.311447143554688, "_step": 7, "_wandb": {"runtime": 0}}