{"acc": 9.758903417310874, "loss": 0.2575687039849267, "_timestamp": 1704295133.037409, "_runtime": 1.7266571521759033, "_step": 7, "_wandb": {"runtime": 0}}