{"acc": 9.93647495362149, "loss": 0.08498239730108491, "_timestamp": 1704272784.564094, "_runtime": 0.9690430164337158, "_step": 7, "_wandb": {"runtime": 0}}