{"acc": 0.867909699975499, "loss": 0.17095609017879732, "_timestamp": 1704272530.212933, "_runtime": 52.83062696456909, "_step": 7, "_wandb": {"runtime": 0}}